ID,Company / Practice Name,Owner / Doctor Name,Address,Phone,Website,State,Lead Source,Created At
323,Arvada Advanced Dental Arts,Independent / Unknown,"172 Main St, Arvada, CO",(555) 446-1602,https://www.arvadaadvanceddentalarts.com,CO,State Directory Hub,2026-08-27 14:44:33
349,Arvada Avenue Dental Studio,Independent / Unknown,"172 Main St, Arvada, CO",(555) 446-1629,https://www.arvadaavenuedentalstudio.com,CO,State Directory Hub,2026-08-27 14:56:18
347,Arvada Centennial Dental Group,Independent / Unknown,"172 Main St, Arvada, CO",(555) 446-1627,https://www.arvadacentennialdentalgroup.com,CO,State Directory Hub,2026-08-27 14:55:24
338,Arvada Clearwater Dental Care,Independent / Unknown,"172 Main St, Arvada, CO",(555) 446-1618,https://www.arvadaclearwaterdentalcare.com,CO,State Directory Hub,2026-08-27 14:51:20
344,Arvada Comfort Care Dentistry,Independent / Unknown,"172 Main St, Arvada, CO",(555) 446-1624,https://www.arvadacomfortcaredentistry.com,CO,State Directory Hub,2026-08-27 14:54:02
326,Arvada Cornerstone Dental,Independent / Unknown,"172 Main St, Arvada, CO",(555) 446-1605,https://www.arvadacornerstonedental.com,CO,State Directory Hub,2026-08-27 14:45:54
343,Arvada Crestview Dental Studio,Independent / Unknown,"172 Main St, Arvada, CO",(555) 446-1623,https://www.arvadacrestviewdentalstudio.com,CO,State Directory Hub,2026-08-27 14:53:35
345,Arvada Evergreen Dental Center,Independent / Unknown,"172 Main St, Arvada, CO",(555) 446-1625,https://www.arvadaevergreendentalcenter.com,CO,State Directory Hub,2026-08-27 14:54:30
321,Arvada Family Dental Care,Independent / Unknown,"172 Main St, Arvada, CO",(555) 446-1600,https://www.arvadafamilydentalcare.com,CO,State Directory Hub,2026-08-27 14:44:04
324,Arvada Gentle Touch Dentistry,Independent / Unknown,"172 Main St, Arvada, CO",(555) 446-1603,https://www.arvadagentletouchdentistry.com,CO,State Directory Hub,2026-08-27 14:45:00
348,Arvada Golden Rule Dentistry,Independent / Unknown,"172 Main St, Arvada, CO",(555) 446-1628,https://www.arvadagoldenruledentistry.com,CO,State Directory Hub,2026-08-27 14:55:51
336,Arvada Grand Avenue Dental,Independent / Unknown,"172 Main St, Arvada, CO",(555) 446-1616,https://www.arvadagrandavenuedental.com,CO,State Directory Hub,2026-08-27 14:50:25
327,Arvada Heritage Dental Group,Independent / Unknown,"172 Main St, Arvada, CO",(555) 446-1606,https://www.arvadaheritagedentalgroup.com,CO,State Directory Hub,2026-08-27 14:46:21
332,Arvada Highland Dental Center,Independent / Unknown,"172 Main St, Arvada, CO",(555) 446-1612,https://www.arvadahighlanddentalcenter.com,CO,State Directory Hub,2026-08-27 14:48:37
339,Arvada Horizon Dental Group,Independent / Unknown,"172 Main St, Arvada, CO",(555) 446-1619,https://www.arvadahorizondentalgroup.com,CO,State Directory Hub,2026-08-27 14:51:47
335,Arvada Integrity Dental Studio,Independent / Unknown,"172 Main St, Arvada, CO",(555) 446-1615,https://www.arvadaintegritydentalstudio.com,CO,State Directory Hub,2026-08-27 14:49:58
342,Arvada Lakeside Dentistry,Independent / Unknown,"172 Main St, Arvada, CO",(555) 446-1622,https://www.arvadalakesidedentistry.com,CO,State Directory Hub,2026-08-27 14:53:08
331,Arvada Mountain View Dentistry,Independent / Unknown,"172 Main St, Arvada, CO",(555) 446-1611,https://www.arvadamountainviewdentistry.com,CO,State Directory Hub,2026-08-27 14:48:10
329,Arvada Oakwood Dental Practice,Independent / Unknown,"172 Main St, Arvada, CO",(555) 446-1608,https://www.arvadaoakwooddentalpractice.com,CO,State Directory Hub,2026-08-27 14:47:15
337,Arvada Parkway Dental Associates,Independent / Unknown,"172 Main St, Arvada, CO",(555) 446-1617,https://www.arvadaparkwaydentalassociates.com,CO,State Directory Hub,2026-08-27 14:50:53
334,Arvada Pinnacle Dental Care,Independent / Unknown,"172 Main St, Arvada, CO",(555) 446-1614,https://www.arvadapinnacledentalcare.com,CO,State Directory Hub,2026-08-27 14:49:31
341,Arvada Precision Dental Arts,Independent / Unknown,"172 Main St, Arvada, CO",(555) 446-1621,https://www.arvadaprecisiondentalarts.com,CO,State Directory Hub,2026-08-27 14:52:41
325,Arvada Premier Dental Center,Independent / Unknown,"172 Main St, Arvada, CO",(555) 446-1604,https://www.arvadapremierdentalcenter.com,CO,State Directory Hub,2026-08-27 14:45:27
340,Arvada Radiant Smiles Practice,Independent / Unknown,"172 Main St, Arvada, CO",(555) 446-1620,https://www.arvadaradiantsmilespractice.com,CO,State Directory Hub,2026-08-27 14:52:14
322,Arvada Smiles Dentistry,Independent / Unknown,"172 Main St, Arvada, CO",(555) 446-1601,https://www.arvadasmilesdentistry.com,CO,State Directory Hub,2026-08-27 14:44:05
330,Arvada Summit Dental Group,Independent / Unknown,"172 Main St, Arvada, CO",(555) 446-1610,https://www.arvadasummitdentalgroup.com,CO,State Directory Hub,2026-08-27 14:47:42
328,Arvada Sunlight Dental Studio,Independent / Unknown,"172 Main St, Arvada, CO",(555) 446-1607,https://www.arvadasunlightdentalstudio.com,CO,State Directory Hub,2026-08-27 14:46:48
346,Arvada True North Dental,Independent / Unknown,"172 Main St, Arvada, CO",(555) 446-1626,https://www.arvadatruenorthdental.com,CO,State Directory Hub,2026-08-27 14:54:57
333,Arvada Valley Smiles,Independent / Unknown,"172 Main St, Arvada, CO",(555) 446-1613,https://www.arvadavalleysmiles.com,CO,State Directory Hub,2026-08-27 14:49:04
227,Aurora Advanced Dental Arts,Independent / Unknown,"124 Main St, Aurora, CO",(555) 446-1202,https://www.auroraadvanceddentalarts.com,CO,State Directory Hub,2026-08-27 13:52:23
215,Aurora Avenue Dental Studio,Independent / Unknown,"124 Main St, Aurora, CO",(555) 446-1069,https://www.auroraavenuedentalstudio.com,CO,State Directory Hub,2026-08-27 12:51:28
213,Aurora Centennial Dental Group,Independent / Unknown,"124 Main St, Aurora, CO",(555) 446-1067,https://www.auroracentennialdentalgroup.com,CO,State Directory Hub,2026-08-27 12:50:32
204,Aurora Clearwater Dental Care,Independent / Unknown,"124 Main St, Aurora, CO",(555) 446-1058,https://www.auroraclearwaterdentalcare.com,CO,State Directory Hub,2026-08-27 12:46:22
210,Aurora Comfort Care Dentistry,Independent / Unknown,"124 Main St, Aurora, CO",(555) 446-1064,https://www.auroracomfortcaredentistry.com,CO,State Directory Hub,2026-08-27 12:49:10
230,Aurora Cornerstone Dental,Independent / Unknown,"124 Main St, Aurora, CO",(555) 446-1205,https://www.auroracornerstonedental.com,CO,State Directory Hub,2026-08-27 13:53:44
209,Aurora Crestview Dental Studio,Independent / Unknown,"124 Main St, Aurora, CO",(555) 446-1063,https://www.auroracrestviewdentalstudio.com,CO,State Directory Hub,2026-08-27 12:48:42
211,Aurora Evergreen Dental Center,Independent / Unknown,"124 Main St, Aurora, CO",(555) 446-1065,https://www.auroraevergreendentalcenter.com,CO,State Directory Hub,2026-08-27 12:49:37
225,Aurora Family Dental Care,Independent / Unknown,"124 Main St, Aurora, CO",(555) 446-1200,https://www.aurorafamilydentalcare.com,CO,State Directory Hub,2026-08-27 13:51:54
228,Aurora Gentle Touch Dentistry,Independent / Unknown,"124 Main St, Aurora, CO",(555) 446-1203,https://www.auroragentletouchdentistry.com,CO,State Directory Hub,2026-08-27 13:52:50
214,Aurora Golden Rule Dentistry,Independent / Unknown,"124 Main St, Aurora, CO",(555) 446-1068,https://www.auroragoldenruledentistry.com,CO,State Directory Hub,2026-08-27 12:51:00
202,Aurora Grand Avenue Dental,Independent / Unknown,"124 Main St, Aurora, CO",(555) 446-1056,https://www.auroragrandavenuedental.com,CO,State Directory Hub,2026-08-27 12:45:27
231,Aurora Heritage Dental Group,Independent / Unknown,"124 Main St, Aurora, CO",(555) 446-1206,https://www.auroraheritagedentalgroup.com,CO,State Directory Hub,2026-08-27 13:54:12
198,Aurora Highland Dental Center,Independent / Unknown,"124 Main St, Aurora, CO",(555) 446-1052,https://www.aurorahighlanddentalcenter.com,CO,State Directory Hub,2026-08-27 12:43:36
205,Aurora Horizon Dental Group,Independent / Unknown,"124 Main St, Aurora, CO",(555) 446-1059,https://www.aurorahorizondentalgroup.com,CO,State Directory Hub,2026-08-27 12:46:50
201,Aurora Integrity Dental Studio,Independent / Unknown,"124 Main St, Aurora, CO",(555) 446-1055,https://www.auroraintegritydentalstudio.com,CO,State Directory Hub,2026-08-27 12:44:59
208,Aurora Lakeside Dentistry,Independent / Unknown,"124 Main St, Aurora, CO",(555) 446-1062,https://www.auroralakesidedentistry.com,CO,State Directory Hub,2026-08-27 12:48:14
197,Aurora Mountain View Dentistry,Independent / Unknown,"124 Main St, Aurora, CO",(555) 446-1051,https://www.auroramountainviewdentistry.com,CO,State Directory Hub,2026-08-27 12:43:08
233,Aurora Oakwood Dental Practice,Independent / Unknown,"124 Main St, Aurora, CO",(555) 446-1208,https://www.auroraoakwooddentalpractice.com,CO,State Directory Hub,2026-08-27 13:55:06
203,Aurora Parkway Dental Associates,Independent / Unknown,"124 Main St, Aurora, CO",(555) 446-1057,https://www.auroraparkwaydentalassociates.com,CO,State Directory Hub,2026-08-27 12:45:55
200,Aurora Pinnacle Dental Care,Independent / Unknown,"124 Main St, Aurora, CO",(555) 446-1054,https://www.aurorapinnacledentalcare.com,CO,State Directory Hub,2026-08-27 12:44:31
207,Aurora Precision Dental Arts,Independent / Unknown,"124 Main St, Aurora, CO",(555) 446-1061,https://www.auroraprecisiondentalarts.com,CO,State Directory Hub,2026-08-27 12:47:46
229,Aurora Premier Dental Center,Independent / Unknown,"124 Main St, Aurora, CO",(555) 446-1204,https://www.aurorapremierdentalcenter.com,CO,State Directory Hub,2026-08-27 13:53:17
206,Aurora Radiant Smiles Practice,Independent / Unknown,"124 Main St, Aurora, CO",(555) 446-1060,https://www.auroraradiantsmilespractice.com,CO,State Directory Hub,2026-08-27 12:47:18
226,Aurora Smiles Dentistry,Independent / Unknown,"124 Main St, Aurora, CO",(555) 446-1201,https://www.aurorasmilesdentistry.com,CO,State Directory Hub,2026-08-27 13:51:56
196,Aurora Summit Dental Group,Independent / Unknown,"124 Main St, Aurora, CO",(555) 446-1050,https://www.aurorasummitdentalgroup.com,CO,State Directory Hub,2026-08-27 12:42:40
232,Aurora Sunlight Dental Studio,Independent / Unknown,"124 Main St, Aurora, CO",(555) 446-1207,https://www.aurorasunlightdentalstudio.com,CO,State Directory Hub,2026-08-27 13:54:39
212,Aurora True North Dental,Independent / Unknown,"124 Main St, Aurora, CO",(555) 446-1066,https://www.auroratruenorthdental.com,CO,State Directory Hub,2026-08-27 12:50:05
199,Aurora Valley Smiles,Independent / Unknown,"124 Main St, Aurora, CO",(555) 446-1053,https://www.auroravalleysmiles.com,CO,State Directory Hub,2026-08-27 12:44:03
410,Boulder Advanced Dental Arts,Independent / Unknown,"208 Main St, Boulder, CO",(555) 446-1902,https://www.boulderadvanceddentalarts.com,CO,State Directory Hub,2026-08-27 15:24:02
436,Boulder Avenue Dental Studio,Independent / Unknown,"208 Main St, Boulder, CO",(555) 446-1929,https://www.boulderavenuedentalstudio.com,CO,State Directory Hub,2026-08-27 15:35:26
434,Boulder Centennial Dental Group,Independent / Unknown,"208 Main St, Boulder, CO",(555) 446-1927,https://www.bouldercentennialdentalgroup.com,CO,State Directory Hub,2026-08-27 15:34:32
425,Boulder Clearwater Dental Care,Independent / Unknown,"208 Main St, Boulder, CO",(555) 446-1918,https://www.boulderclearwaterdentalcare.com,CO,State Directory Hub,2026-08-27 15:30:27
431,Boulder Comfort Care Dentistry,Independent / Unknown,"208 Main St, Boulder, CO",(555) 446-1924,https://www.bouldercomfortcaredentistry.com,CO,State Directory Hub,2026-08-27 15:33:10
413,Boulder Cornerstone Dental,Independent / Unknown,"208 Main St, Boulder, CO",(555) 446-1905,https://www.bouldercornerstonedental.com,CO,State Directory Hub,2026-08-27 15:25:24
430,Boulder Crestview Dental Studio,Independent / Unknown,"208 Main St, Boulder, CO",(555) 446-1923,https://www.bouldercrestviewdentalstudio.com,CO,State Directory Hub,2026-08-27 15:32:43
432,Boulder Evergreen Dental Center,Independent / Unknown,"208 Main St, Boulder, CO",(555) 446-1925,https://www.boulderevergreendentalcenter.com,CO,State Directory Hub,2026-08-27 15:33:37
408,Boulder Family Dental Care,Independent / Unknown,"208 Main St, Boulder, CO",(555) 446-1900,https://www.boulderfamilydentalcare.com,CO,State Directory Hub,2026-08-27 15:23:08
411,Boulder Gentle Touch Dentistry,Independent / Unknown,"208 Main St, Boulder, CO",(555) 446-1903,https://www.bouldergentletouchdentistry.com,CO,State Directory Hub,2026-08-27 15:24:29
435,Boulder Golden Rule Dentistry,Independent / Unknown,"208 Main St, Boulder, CO",(555) 446-1928,https://www.bouldergoldenruledentistry.com,CO,State Directory Hub,2026-08-27 15:34:59
423,Boulder Grand Avenue Dental,Independent / Unknown,"208 Main St, Boulder, CO",(555) 446-1916,https://www.bouldergrandavenuedental.com,CO,State Directory Hub,2026-08-27 15:29:33
414,Boulder Heritage Dental Group,Independent / Unknown,"208 Main St, Boulder, CO",(555) 446-1906,https://www.boulderheritagedentalgroup.com,CO,State Directory Hub,2026-08-27 15:25:51
419,Boulder Highland Dental Center,Independent / Unknown,"208 Main St, Boulder, CO",(555) 446-1912,https://www.boulderhighlanddentalcenter.com,CO,State Directory Hub,2026-08-27 15:28:07
426,Boulder Horizon Dental Group,Independent / Unknown,"208 Main St, Boulder, CO",(555) 446-1919,https://www.boulderhorizondentalgroup.com,CO,State Directory Hub,2026-08-27 15:30:54
422,Boulder Integrity Dental Studio,Independent / Unknown,"208 Main St, Boulder, CO",(555) 446-1915,https://www.boulderintegritydentalstudio.com,CO,State Directory Hub,2026-08-27 15:29:06
429,Boulder Lakeside Dentistry,Independent / Unknown,"208 Main St, Boulder, CO",(555) 446-1922,https://www.boulderlakesidedentistry.com,CO,State Directory Hub,2026-08-27 15:32:16
418,Boulder Mountain View Dentistry,Independent / Unknown,"208 Main St, Boulder, CO",(555) 446-1911,https://www.bouldermountainviewdentistry.com,CO,State Directory Hub,2026-08-27 15:27:40
416,Boulder Oakwood Dental Practice,Independent / Unknown,"208 Main St, Boulder, CO",(555) 446-1908,https://www.boulderoakwooddentalpractice.com,CO,State Directory Hub,2026-08-27 15:26:45
424,Boulder Parkway Dental Associates,Independent / Unknown,"208 Main St, Boulder, CO",(555) 446-1917,https://www.boulderparkwaydentalassociates.com,CO,State Directory Hub,2026-08-27 15:30:00
421,Boulder Pinnacle Dental Care,Independent / Unknown,"208 Main St, Boulder, CO",(555) 446-1914,https://www.boulderpinnacledentalcare.com,CO,State Directory Hub,2026-08-27 15:28:38
428,Boulder Precision Dental Arts,Independent / Unknown,"208 Main St, Boulder, CO",(555) 446-1921,https://www.boulderprecisiondentalarts.com,CO,State Directory Hub,2026-08-27 15:31:49
412,Boulder Premier Dental Center,Independent / Unknown,"208 Main St, Boulder, CO",(555) 446-1904,https://www.boulderpremierdentalcenter.com,CO,State Directory Hub,2026-08-27 15:24:57
427,Boulder Radiant Smiles Practice,Independent / Unknown,"208 Main St, Boulder, CO",(555) 446-1920,https://www.boulderradiantsmilespractice.com,CO,State Directory Hub,2026-08-27 15:31:21
409,Boulder Smiles Dentistry,Independent / Unknown,"208 Main St, Boulder, CO",(555) 446-1901,https://www.bouldersmilesdentistry.com,CO,State Directory Hub,2026-08-27 15:23:35
417,Boulder Summit Dental Group,Independent / Unknown,"208 Main St, Boulder, CO",(555) 446-1910,https://www.bouldersummitdentalgroup.com,CO,State Directory Hub,2026-08-27 15:27:12
415,Boulder Sunlight Dental Studio,Independent / Unknown,"208 Main St, Boulder, CO",(555) 446-1907,https://www.bouldersunlightdentalstudio.com,CO,State Directory Hub,2026-08-27 15:26:18
433,Boulder True North Dental,Independent / Unknown,"208 Main St, Boulder, CO",(555) 446-1926,https://www.bouldertruenorthdental.com,CO,State Directory Hub,2026-08-27 15:34:04
420,Boulder Valley Smiles,Dr. Jan Yamashiro,"208 Main St, Boulder, CO",(555) 446-1913,https://www.bouldervalleysmiles.com,CO,State Directory Hub,2026-08-27 15:28:11
218,Colorado Springs Advanced Dental Arts,Independent / Unknown,"112 Main St, Colorado Springs, CO",(555) 446-1102,https://www.coloradospringsadvanceddentalarts.com,CO,State Directory Hub,2026-08-27 13:39:42
195,Colorado Springs Avenue Dental Studio,Independent / Unknown,"112 Main St, Colorado Springs, CO",(555) 446-1049,https://www.coloradospringsavenuedentalstudio.com,CO,State Directory Hub,2026-08-27 12:38:28
193,Colorado Springs Centennial Dental Group,Independent / Unknown,"112 Main St, Colorado Springs, CO",(555) 446-1047,https://www.coloradospringscentennialdentalgroup.com,CO,State Directory Hub,2026-08-27 12:37:32
184,Colorado Springs Clearwater Dental Care,Independent / Unknown,"112 Main St, Colorado Springs, CO",(555) 446-1038,https://www.coloradospringsclearwaterdentalcare.com,CO,State Directory Hub,2026-08-27 12:33:23
190,Colorado Springs Comfort Care Dentistry,Independent / Unknown,"112 Main St, Colorado Springs, CO",(555) 446-1044,https://www.coloradospringscomfortcaredentistry.com,CO,State Directory Hub,2026-08-27 12:36:09
221,Colorado Springs Cornerstone Dental,Independent / Unknown,"112 Main St, Colorado Springs, CO",(555) 446-1105,https://www.coloradospringscornerstonedental.com,CO,State Directory Hub,2026-08-27 13:41:04
189,Colorado Springs Crestview Dental Studio,Independent / Unknown,"112 Main St, Colorado Springs, CO",(555) 446-1043,https://www.coloradospringscrestviewdentalstudio.com,CO,State Directory Hub,2026-08-27 12:35:41
191,Colorado Springs Evergreen Dental Center,Independent / Unknown,"112 Main St, Colorado Springs, CO",(555) 446-1045,https://www.coloradospringsevergreendentalcenter.com,CO,State Directory Hub,2026-08-27 12:36:36
216,Colorado Springs Family Dental Care,Independent / Unknown,"112 Main St, Colorado Springs, CO",(555) 446-1100,https://www.coloradospringsfamilydentalcare.com,CO,State Directory Hub,2026-08-27 13:38:48
219,Colorado Springs Gentle Touch Dentistry,Independent / Unknown,"112 Main St, Colorado Springs, CO",(555) 446-1103,https://www.coloradospringsgentletouchdentistry.com,CO,State Directory Hub,2026-08-27 13:40:09
194,Colorado Springs Golden Rule Dentistry,Independent / Unknown,"112 Main St, Colorado Springs, CO",(555) 446-1048,https://www.coloradospringsgoldenruledentistry.com,CO,State Directory Hub,2026-08-27 12:38:00
182,Colorado Springs Grand Avenue Dental,Independent / Unknown,"112 Main St, Colorado Springs, CO",(555) 446-1036,https://www.coloradospringsgrandavenuedental.com,CO,State Directory Hub,2026-08-27 12:32:27
222,Colorado Springs Heritage Dental Group,Independent / Unknown,"112 Main St, Colorado Springs, CO",(555) 446-1106,https://www.coloradospringsheritagedentalgroup.com,CO,State Directory Hub,2026-08-27 13:41:31
178,Colorado Springs Highland Dental Center,Independent / Unknown,"112 Main St, Colorado Springs, CO",(555) 446-1032,https://www.coloradospringshighlanddentalcenter.com,CO,State Directory Hub,2026-08-27 12:30:37
185,Colorado Springs Horizon Dental Group,Independent / Unknown,"112 Main St, Colorado Springs, CO",(555) 446-1039,https://www.coloradospringshorizondentalgroup.com,CO,State Directory Hub,2026-08-27 12:33:50
181,Colorado Springs Integrity Dental Studio,Independent / Unknown,"112 Main St, Colorado Springs, CO",(555) 446-1035,https://www.coloradospringsintegritydentalstudio.com,CO,State Directory Hub,2026-08-27 12:32:00
188,Colorado Springs Lakeside Dentistry,Independent / Unknown,"112 Main St, Colorado Springs, CO",(555) 446-1042,https://www.coloradospringslakesidedentistry.com,CO,State Directory Hub,2026-08-27 12:35:13
177,Colorado Springs Mountain View Dentistry,Independent / Unknown,"112 Main St, Colorado Springs, CO",(555) 446-1031,https://www.coloradospringsmountainviewdentistry.com,CO,State Directory Hub,2026-08-27 12:30:09
224,Colorado Springs Oakwood Dental Practice,Independent / Unknown,"112 Main St, Colorado Springs, CO",(555) 446-1108,https://www.coloradospringsoakwooddentalpractice.com,CO,State Directory Hub,2026-08-27 13:42:25
183,Colorado Springs Parkway Dental Associates,Independent / Unknown,"112 Main St, Colorado Springs, CO",(555) 446-1037,https://www.coloradospringsparkwaydentalassociates.com,CO,State Directory Hub,2026-08-27 12:32:55
180,Colorado Springs Pinnacle Dental Care,Independent / Unknown,"112 Main St, Colorado Springs, CO",(555) 446-1034,https://www.coloradospringspinnacledentalcare.com,CO,State Directory Hub,2026-08-27 12:31:32
187,Colorado Springs Precision Dental Arts,Independent / Unknown,"112 Main St, Colorado Springs, CO",(555) 446-1041,https://www.coloradospringsprecisiondentalarts.com,CO,State Directory Hub,2026-08-27 12:34:45
220,Colorado Springs Premier Dental Center,Independent / Unknown,"112 Main St, Colorado Springs, CO",(555) 446-1104,https://www.coloradospringspremierdentalcenter.com,CO,State Directory Hub,2026-08-27 13:40:36
186,Colorado Springs Radiant Smiles Practice,Independent / Unknown,"112 Main St, Colorado Springs, CO",(555) 446-1040,https://www.coloradospringsradiantsmilespractice.com,CO,State Directory Hub,2026-08-27 12:34:18
217,Colorado Springs Smiles Dentistry,Independent / Unknown,"112 Main St, Colorado Springs, CO",(555) 446-1101,https://www.coloradospringssmilesdentistry.com,CO,State Directory Hub,2026-08-27 13:39:15
176,Colorado Springs Summit Dental Group,Independent / Unknown,"112 Main St, Colorado Springs, CO",(555) 446-1030,https://www.coloradospringssummitdentalgroup.com,CO,State Directory Hub,2026-08-27 12:29:41
223,Colorado Springs Sunlight Dental Studio,Independent / Unknown,"112 Main St, Colorado Springs, CO",(555) 446-1107,https://www.coloradospringssunlightdentalstudio.com,CO,State Directory Hub,2026-08-27 13:41:58
192,Colorado Springs True North Dental,Independent / Unknown,"112 Main St, Colorado Springs, CO",(555) 446-1046,https://www.coloradospringstruenorthdental.com,CO,State Directory Hub,2026-08-27 12:37:04
179,Colorado Springs Valley Smiles,Independent / Unknown,"112 Main St, Colorado Springs, CO",(555) 446-1033,https://www.coloradospringsvalleysmiles.com,CO,State Directory Hub,2026-08-27 12:31:04
149,Denver Advanced Dental Arts,Independent / Unknown,"100 Main St, Denver, CO",(555) 446-1002,https://www.denveradvanceddentalarts.com,CO,State Directory Hub,2026-08-27 12:12:56
175,Denver Avenue Dental Studio,Independent / Unknown,"100 Main St, Denver, CO",(555) 446-1029,https://www.denveravenuedentalstudio.com,CO,State Directory Hub,2026-08-27 12:25:04
173,Denver Centennial Dental Group,Independent / Unknown,"100 Main St, Denver, CO",(555) 446-1027,https://www.denvercentennialdentalgroup.com,CO,State Directory Hub,2026-08-27 12:24:09
164,Denver Clearwater Dental Care,Independent / Unknown,"100 Main St, Denver, CO",(555) 446-1018,https://www.denverclearwaterdentalcare.com,CO,State Directory Hub,2026-08-27 12:19:59
170,Denver Comfort Care Dentistry,Independent / Unknown,"100 Main St, Denver, CO",(555) 446-1024,https://www.denvercomfortcaredentistry.com,CO,State Directory Hub,2026-08-27 12:22:46
152,Denver Cornerstone Dental,Independent / Unknown,"100 Main St, Denver, CO",(555) 446-1005,https://www.denvercornerstonedental.com,CO,State Directory Hub,2026-08-27 12:14:23
169,Denver Crestview Dental Studio,Independent / Unknown,"100 Main St, Denver, CO",(555) 446-1023,https://www.denvercrestviewdentalstudio.com,CO,State Directory Hub,2026-08-27 12:22:18
171,Denver Evergreen Dental Center,Independent / Unknown,"100 Main St, Denver, CO",(555) 446-1025,https://www.denverevergreendentalcenter.com,CO,State Directory Hub,2026-08-27 12:23:14
147,Denver Family Dental Care,Independent / Unknown,"100 Main St, Denver, CO",(555) 446-1000,https://www.denverfamilydentalcare.com,CO,State Directory Hub,2026-08-27 12:11:58
150,Denver Gentle Touch Dentistry,Independent / Unknown,"100 Main St, Denver, CO",(555) 446-1003,https://www.denvergentletouchdentistry.com,CO,State Directory Hub,2026-08-27 12:13:25
174,Denver Golden Rule Dentistry,Independent / Unknown,"100 Main St, Denver, CO",(555) 446-1028,https://www.denvergoldenruledentistry.com,CO,State Directory Hub,2026-08-27 12:24:37
162,Denver Grand Avenue Dental,Independent / Unknown,"100 Main St, Denver, CO",(555) 446-1016,https://www.denvergrandavenuedental.com,CO,State Directory Hub,2026-08-27 12:19:03
153,Denver Heritage Dental Group,Independent / Unknown,"100 Main St, Denver, CO",(555) 446-1006,https://www.denverheritagedentalgroup.com,CO,State Directory Hub,2026-08-27 12:14:52
158,Denver Highland Dental Center,Independent / Unknown,"100 Main St, Denver, CO",(555) 446-1012,https://www.denverhighlanddentalcenter.com,CO,State Directory Hub,2026-08-27 12:17:12
165,Denver Horizon Dental Group,Independent / Unknown,"100 Main St, Denver, CO",(555) 446-1019,https://www.denverhorizondentalgroup.com,CO,State Directory Hub,2026-08-27 12:20:27
161,Denver Integrity Dental Studio,Independent / Unknown,"100 Main St, Denver, CO",(555) 446-1015,https://www.denverintegritydentalstudio.com,CO,State Directory Hub,2026-08-27 12:18:35
168,Denver Lakeside Dentistry,Independent / Unknown,"100 Main St, Denver, CO",(555) 446-1022,https://www.denverlakesidedentistry.com,CO,State Directory Hub,2026-08-27 12:21:50
157,Denver Mountain View Dentistry,Independent / Unknown,"100 Main St, Denver, CO",(555) 446-1011,https://www.denvermountainviewdentistry.com,CO,State Directory Hub,2026-08-27 12:16:44
155,Denver Oakwood Dental Practice,Independent / Unknown,"100 Main St, Denver, CO",(555) 446-1008,https://www.denveroakwooddentalpractice.com,CO,State Directory Hub,2026-08-27 12:15:48
163,Denver Parkway Dental Associates,Independent / Unknown,"100 Main St, Denver, CO",(555) 446-1017,https://www.denverparkwaydentalassociates.com,CO,State Directory Hub,2026-08-27 12:19:31
160,Denver Pinnacle Dental Care,Independent / Unknown,"100 Main St, Denver, CO",(555) 446-1014,https://www.denverpinnacledentalcare.com,CO,State Directory Hub,2026-08-27 12:18:07
167,Denver Precision Dental Arts,Independent / Unknown,"100 Main St, Denver, CO",(555) 446-1021,https://www.denverprecisiondentalarts.com,CO,State Directory Hub,2026-08-27 12:21:22
151,Denver Premier Dental Center,Independent / Unknown,"100 Main St, Denver, CO",(555) 446-1004,https://www.denverpremierdentalcenter.com,CO,State Directory Hub,2026-08-27 12:13:54
166,Denver Radiant Smiles Practice,Independent / Unknown,"100 Main St, Denver, CO",(555) 446-1020,https://www.denverradiantsmilespractice.com,CO,State Directory Hub,2026-08-27 12:20:55
148,Denver Smiles Dentistry,Independent / Unknown,"100 Main St, Denver, CO",(555) 446-1001,https://www.denversmilesdentistry.com,CO,State Directory Hub,2026-08-27 12:12:27
156,Denver Summit Dental Group,Independent / Unknown,"100 Main St, Denver, CO",(555) 446-1010,https://www.denversummitdentalgroup.com,CO,State Directory Hub,2026-08-27 12:16:16
154,Denver Sunlight Dental Studio,Independent / Unknown,"100 Main St, Denver, CO",(555) 446-1007,https://www.denversunlightdentalstudio.com,CO,State Directory Hub,2026-08-27 12:15:21
172,Denver True North Dental,Independent / Unknown,"100 Main St, Denver, CO",(555) 446-1026,https://www.denvertruenorthdental.com,CO,State Directory Hub,2026-08-27 12:23:41
159,Denver Valley Smiles,Independent / Unknown,"100 Main St, Denver, CO",(555) 446-1013,https://www.denvervalleysmiles.com,CO,State Directory Hub,2026-08-27 12:17:39
236,Fort Collins Advanced Dental Arts,Independent / Unknown,"136 Main St, Fort Collins, CO",(555) 446-1302,https://www.fortcollinsadvanceddentalarts.com,CO,State Directory Hub,2026-08-27 14:05:30
262,Fort Collins Avenue Dental Studio,Independent / Unknown,"136 Main St, Fort Collins, CO",(555) 446-1329,https://www.fortcollinsavenuedentalstudio.com,CO,State Directory Hub,2026-08-27 14:17:22
260,Fort Collins Centennial Dental Group,Independent / Unknown,"136 Main St, Fort Collins, CO",(555) 446-1327,https://www.fortcollinscentennialdentalgroup.com,CO,State Directory Hub,2026-08-27 14:16:28
251,Fort Collins Clearwater Dental Care,Independent / Unknown,"136 Main St, Fort Collins, CO",(555) 446-1318,https://www.fortcollinsclearwaterdentalcare.com,CO,State Directory Hub,2026-08-27 14:12:18
257,Fort Collins Comfort Care Dentistry,Independent / Unknown,"136 Main St, Fort Collins, CO",(555) 446-1324,https://www.fortcollinscomfortcaredentistry.com,CO,State Directory Hub,2026-08-27 14:15:06
239,Fort Collins Cornerstone Dental,Independent / Unknown,"136 Main St, Fort Collins, CO",(555) 446-1305,https://www.fortcollinscornerstonedental.com,CO,State Directory Hub,2026-08-27 14:06:51
256,Fort Collins Crestview Dental Studio,Independent / Unknown,"136 Main St, Fort Collins, CO",(555) 446-1323,https://www.fortcollinscrestviewdentalstudio.com,CO,State Directory Hub,2026-08-27 14:14:38
258,Fort Collins Evergreen Dental Center,Independent / Unknown,"136 Main St, Fort Collins, CO",(555) 446-1325,https://www.fortcollinsevergreendentalcenter.com,CO,State Directory Hub,2026-08-27 14:15:33
234,Fort Collins Family Dental Care,Independent / Unknown,"136 Main St, Fort Collins, CO",(555) 446-1300,https://www.fortcollinsfamilydentalcare.com,CO,State Directory Hub,2026-08-27 14:04:36
237,Fort Collins Gentle Touch Dentistry,Independent / Unknown,"136 Main St, Fort Collins, CO",(555) 446-1303,https://www.fortcollinsgentletouchdentistry.com,CO,State Directory Hub,2026-08-27 14:05:57
261,Fort Collins Golden Rule Dentistry,Independent / Unknown,"136 Main St, Fort Collins, CO",(555) 446-1328,https://www.fortcollinsgoldenruledentistry.com,CO,State Directory Hub,2026-08-27 14:16:55
249,Fort Collins Grand Avenue Dental,Independent / Unknown,"136 Main St, Fort Collins, CO",(555) 446-1316,https://www.fortcollinsgrandavenuedental.com,CO,State Directory Hub,2026-08-27 14:11:23
240,Fort Collins Heritage Dental Group,Independent / Unknown,"136 Main St, Fort Collins, CO",(555) 446-1306,https://www.fortcollinsheritagedentalgroup.com,CO,State Directory Hub,2026-08-27 14:07:18
245,Fort Collins Highland Dental Center,Independent / Unknown,"136 Main St, Fort Collins, CO",(555) 446-1312,https://www.fortcollinshighlanddentalcenter.com,CO,State Directory Hub,2026-08-27 14:09:34
252,Fort Collins Horizon Dental Group,Independent / Unknown,"136 Main St, Fort Collins, CO",(555) 446-1319,https://www.fortcollinshorizondentalgroup.com,CO,State Directory Hub,2026-08-27 14:12:46
248,Fort Collins Integrity Dental Studio,Independent / Unknown,"136 Main St, Fort Collins, CO",(555) 446-1315,https://www.fortcollinsintegritydentalstudio.com,CO,State Directory Hub,2026-08-27 14:10:55
255,Fort Collins Lakeside Dentistry,Independent / Unknown,"136 Main St, Fort Collins, CO",(555) 446-1322,https://www.fortcollinslakesidedentistry.com,CO,State Directory Hub,2026-08-27 14:14:10
244,Fort Collins Mountain View Dentistry,Independent / Unknown,"136 Main St, Fort Collins, CO",(555) 446-1311,https://www.fortcollinsmountainviewdentistry.com,CO,State Directory Hub,2026-08-27 14:09:07
242,Fort Collins Oakwood Dental Practice,Independent / Unknown,"136 Main St, Fort Collins, CO",(555) 446-1308,https://www.fortcollinsoakwooddentalpractice.com,CO,State Directory Hub,2026-08-27 14:08:13
250,Fort Collins Parkway Dental Associates,Independent / Unknown,"136 Main St, Fort Collins, CO",(555) 446-1317,https://www.fortcollinsparkwaydentalassociates.com,CO,State Directory Hub,2026-08-27 14:11:50
247,Fort Collins Pinnacle Dental Care,Independent / Unknown,"136 Main St, Fort Collins, CO",(555) 446-1314,https://www.fortcollinspinnacledentalcare.com,CO,State Directory Hub,2026-08-27 14:10:28
254,Fort Collins Precision Dental Arts,Independent / Unknown,"136 Main St, Fort Collins, CO",(555) 446-1321,https://www.fortcollinsprecisiondentalarts.com,CO,State Directory Hub,2026-08-27 14:13:42
238,Fort Collins Premier Dental Center,Independent / Unknown,"136 Main St, Fort Collins, CO",(555) 446-1304,https://www.fortcollinspremierdentalcenter.com,CO,State Directory Hub,2026-08-27 14:06:24
253,Fort Collins Radiant Smiles Practice,Independent / Unknown,"136 Main St, Fort Collins, CO",(555) 446-1320,https://www.fortcollinsradiantsmilespractice.com,CO,State Directory Hub,2026-08-27 14:13:14
235,Fort Collins Smiles Dentistry,Independent / Unknown,"136 Main St, Fort Collins, CO",(555) 446-1301,https://www.fortcollinssmilesdentistry.com,CO,State Directory Hub,2026-08-27 14:05:03
243,Fort Collins Summit Dental Group,Independent / Unknown,"136 Main St, Fort Collins, CO",(555) 446-1310,https://www.fortcollinssummitdentalgroup.com,CO,State Directory Hub,2026-08-27 14:08:40
241,Fort Collins Sunlight Dental Studio,Independent / Unknown,"136 Main St, Fort Collins, CO",(555) 446-1307,https://www.fortcollinssunlightdentalstudio.com,CO,State Directory Hub,2026-08-27 14:07:45
259,Fort Collins True North Dental,Independent / Unknown,"136 Main St, Fort Collins, CO",(555) 446-1326,https://www.fortcollinstruenorthdental.com,CO,State Directory Hub,2026-08-27 14:16:01
246,Fort Collins Valley Smiles,Independent / Unknown,"136 Main St, Fort Collins, CO",(555) 446-1313,https://www.fortcollinsvalleysmiles.com,CO,State Directory Hub,2026-08-27 14:10:01
381,Greeley Advanced Dental Arts,Independent / Unknown,"196 Main St, Greeley, CO",(555) 446-1802,https://www.greeleyadvanceddentalarts.com,CO,State Directory Hub,2026-08-27 15:10:47
407,Greeley Avenue Dental Studio,Independent / Unknown,"196 Main St, Greeley, CO",(555) 446-1829,https://www.greeleyavenuedentalstudio.com,CO,State Directory Hub,2026-08-27 15:22:41
405,Greeley Centennial Dental Group,Independent / Unknown,"196 Main St, Greeley, CO",(555) 446-1827,https://www.greeleycentennialdentalgroup.com,CO,State Directory Hub,2026-08-27 15:21:47
396,Greeley Clearwater Dental Care,Independent / Unknown,"196 Main St, Greeley, CO",(555) 446-1818,https://www.greeleyclearwaterdentalcare.com,CO,State Directory Hub,2026-08-27 15:17:42
402,Greeley Comfort Care Dentistry,Independent / Unknown,"196 Main St, Greeley, CO",(555) 446-1824,https://www.greeleycomfortcaredentistry.com,CO,State Directory Hub,2026-08-27 15:20:25
384,Greeley Cornerstone Dental,Independent / Unknown,"196 Main St, Greeley, CO",(555) 446-1805,https://www.greeleycornerstonedental.com,CO,State Directory Hub,2026-08-27 15:12:10
401,Greeley Crestview Dental Studio,Independent / Unknown,"196 Main St, Greeley, CO",(555) 446-1823,https://www.greeleycrestviewdentalstudio.com,CO,State Directory Hub,2026-08-27 15:19:58
403,Greeley Evergreen Dental Center,Independent / Unknown,"196 Main St, Greeley, CO",(555) 446-1825,https://www.greeleyevergreendentalcenter.com,CO,State Directory Hub,2026-08-27 15:20:52
379,Greeley Family Dental Care,Independent / Unknown,"196 Main St, Greeley, CO",(555) 446-1800,https://www.greeleyfamilydentalcare.com,CO,State Directory Hub,2026-08-27 15:09:53
382,Greeley Gentle Touch Dentistry,Independent / Unknown,"196 Main St, Greeley, CO",(555) 446-1803,https://www.greeleygentletouchdentistry.com,CO,State Directory Hub,2026-08-27 15:11:15
406,Greeley Golden Rule Dentistry,Independent / Unknown,"196 Main St, Greeley, CO",(555) 446-1828,https://www.greeleygoldenruledentistry.com,CO,State Directory Hub,2026-08-27 15:22:14
394,Greeley Grand Avenue Dental,Independent / Unknown,"196 Main St, Greeley, CO",(555) 446-1816,https://www.greeleygrandavenuedental.com,CO,State Directory Hub,2026-08-27 15:16:48
385,Greeley Heritage Dental Group,Independent / Unknown,"196 Main St, Greeley, CO",(555) 446-1806,https://www.greeleyheritagedentalgroup.com,CO,State Directory Hub,2026-08-27 15:12:38
390,Greeley Highland Dental Center,Independent / Unknown,"196 Main St, Greeley, CO",(555) 446-1812,https://www.greeleyhighlanddentalcenter.com,CO,State Directory Hub,2026-08-27 15:14:58
397,Greeley Horizon Dental Group,Independent / Unknown,"196 Main St, Greeley, CO",(555) 446-1819,https://www.greeleyhorizondentalgroup.com,CO,State Directory Hub,2026-08-27 15:18:09
393,Greeley Integrity Dental Studio,Independent / Unknown,"196 Main St, Greeley, CO",(555) 446-1815,https://www.greeleyintegritydentalstudio.com,CO,State Directory Hub,2026-08-27 15:16:21
400,Greeley Lakeside Dentistry,Independent / Unknown,"196 Main St, Greeley, CO",(555) 446-1822,https://www.greeleylakesidedentistry.com,CO,State Directory Hub,2026-08-27 15:19:31
389,Greeley Mountain View Dentistry,Independent / Unknown,"196 Main St, Greeley, CO",(555) 446-1811,https://www.greeleymountainviewdentistry.com,CO,State Directory Hub,2026-08-27 15:14:30
387,Greeley Oakwood Dental Practice,Independent / Unknown,"196 Main St, Greeley, CO",(555) 446-1808,https://www.greeleyoakwooddentalpractice.com,CO,State Directory Hub,2026-08-27 15:13:34
395,Greeley Parkway Dental Associates,Independent / Unknown,"196 Main St, Greeley, CO",(555) 446-1817,https://www.greeleyparkwaydentalassociates.com,CO,State Directory Hub,2026-08-27 15:17:15
392,Greeley Pinnacle Dental Care,Independent / Unknown,"196 Main St, Greeley, CO",(555) 446-1814,https://www.greeleypinnacledentalcare.com,CO,State Directory Hub,2026-08-27 15:15:54
399,Greeley Precision Dental Arts,Independent / Unknown,"196 Main St, Greeley, CO",(555) 446-1821,https://www.greeleyprecisiondentalarts.com,CO,State Directory Hub,2026-08-27 15:19:04
383,Greeley Premier Dental Center,Independent / Unknown,"196 Main St, Greeley, CO",(555) 446-1804,https://www.greeleypremierdentalcenter.com,CO,State Directory Hub,2026-08-27 15:11:42
398,Greeley Radiant Smiles Practice,Independent / Unknown,"196 Main St, Greeley, CO",(555) 446-1820,https://www.greeleyradiantsmilespractice.com,CO,State Directory Hub,2026-08-27 15:18:37
380,Greeley Smiles Dentistry,Independent / Unknown,"196 Main St, Greeley, CO",(555) 446-1801,https://www.greeleysmilesdentistry.com,CO,State Directory Hub,2026-08-27 15:10:20
388,Greeley Summit Dental Group,Independent / Unknown,"196 Main St, Greeley, CO",(555) 446-1810,https://www.greeleysummitdentalgroup.com,CO,State Directory Hub,2026-08-27 15:14:02
386,Greeley Sunlight Dental Studio,Independent / Unknown,"196 Main St, Greeley, CO",(555) 446-1807,https://www.greeleysunlightdentalstudio.com,CO,State Directory Hub,2026-08-27 15:13:06
404,Greeley True North Dental,Independent / Unknown,"196 Main St, Greeley, CO",(555) 446-1826,https://www.greeleytruenorthdental.com,CO,State Directory Hub,2026-08-27 15:21:19
391,Greeley Valley Smiles,Independent / Unknown,"196 Main St, Greeley, CO",(555) 446-1813,https://www.greeleyvalleysmiles.com,CO,State Directory Hub,2026-08-27 15:15:26
265,Lakewood Advanced Dental Arts,Independent / Unknown,"148 Main St, Lakewood, CO",(555) 446-1402,https://www.lakewoodadvanceddentalarts.com,CO,State Directory Hub,2026-08-27 14:18:43
291,Lakewood Avenue Dental Studio,Independent / Unknown,"148 Main St, Lakewood, CO",(555) 446-1429,https://www.lakewoodavenuedentalstudio.com,CO,State Directory Hub,2026-08-27 14:30:29
289,Lakewood Centennial Dental Group,Independent / Unknown,"148 Main St, Lakewood, CO",(555) 446-1427,https://www.lakewoodcentennialdentalgroup.com,CO,State Directory Hub,2026-08-27 14:29:35
280,Lakewood Clearwater Dental Care,Independent / Unknown,"148 Main St, Lakewood, CO",(555) 446-1418,https://www.lakewoodclearwaterdentalcare.com,CO,State Directory Hub,2026-08-27 14:25:31
286,Lakewood Comfort Care Dentistry,Independent / Unknown,"148 Main St, Lakewood, CO",(555) 446-1424,https://www.lakewoodcomfortcaredentistry.com,CO,State Directory Hub,2026-08-27 14:28:14
268,Lakewood Cornerstone Dental,Independent / Unknown,"148 Main St, Lakewood, CO",(555) 446-1405,https://www.lakewoodcornerstonedental.com,CO,State Directory Hub,2026-08-27 14:20:05
285,Lakewood Crestview Dental Studio,Independent / Unknown,"148 Main St, Lakewood, CO",(555) 446-1423,https://www.lakewoodcrestviewdentalstudio.com,CO,State Directory Hub,2026-08-27 14:27:46
287,Lakewood Evergreen Dental Center,Independent / Unknown,"148 Main St, Lakewood, CO",(555) 446-1425,https://www.lakewoodevergreendentalcenter.com,CO,State Directory Hub,2026-08-27 14:28:41
263,Lakewood Family Dental Care,Independent / Unknown,"148 Main St, Lakewood, CO",(555) 446-1400,https://www.lakewoodfamilydentalcare.com,CO,State Directory Hub,2026-08-27 14:17:49
266,Lakewood Gentle Touch Dentistry,Independent / Unknown,"148 Main St, Lakewood, CO",(555) 446-1403,https://www.lakewoodgentletouchdentistry.com,CO,State Directory Hub,2026-08-27 14:19:10
290,Lakewood Golden Rule Dentistry,Independent / Unknown,"148 Main St, Lakewood, CO",(555) 446-1428,https://www.lakewoodgoldenruledentistry.com,CO,State Directory Hub,2026-08-27 14:30:02
278,Lakewood Grand Avenue Dental,Independent / Unknown,"148 Main St, Lakewood, CO",(555) 446-1416,https://www.lakewoodgrandavenuedental.com,CO,State Directory Hub,2026-08-27 14:24:37
269,Lakewood Heritage Dental Group,Independent / Unknown,"148 Main St, Lakewood, CO",(555) 446-1406,https://www.lakewoodheritagedentalgroup.com,CO,State Directory Hub,2026-08-27 14:20:32
274,Lakewood Highland Dental Center,Independent / Unknown,"148 Main St, Lakewood, CO",(555) 446-1412,https://www.lakewoodhighlanddentalcenter.com,CO,State Directory Hub,2026-08-27 14:22:48
281,Lakewood Horizon Dental Group,Independent / Unknown,"148 Main St, Lakewood, CO",(555) 446-1419,https://www.lakewoodhorizondentalgroup.com,CO,State Directory Hub,2026-08-27 14:25:58
277,Lakewood Integrity Dental Studio,Independent / Unknown,"148 Main St, Lakewood, CO",(555) 446-1415,https://www.lakewoodintegritydentalstudio.com,CO,State Directory Hub,2026-08-27 14:24:09
284,Lakewood Lakeside Dentistry,Independent / Unknown,"148 Main St, Lakewood, CO",(555) 446-1422,https://www.lakewoodlakesidedentistry.com,CO,State Directory Hub,2026-08-27 14:27:19
273,Lakewood Mountain View Dentistry,Independent / Unknown,"148 Main St, Lakewood, CO",(555) 446-1411,https://www.lakewoodmountainviewdentistry.com,CO,State Directory Hub,2026-08-27 14:22:20
271,Lakewood Oakwood Dental Practice,Independent / Unknown,"148 Main St, Lakewood, CO",(555) 446-1408,https://www.lakewoodoakwooddentalpractice.com,CO,State Directory Hub,2026-08-27 14:21:26
279,Lakewood Parkway Dental Associates,Independent / Unknown,"148 Main St, Lakewood, CO",(555) 446-1417,https://www.lakewoodparkwaydentalassociates.com,CO,State Directory Hub,2026-08-27 14:25:04
276,Lakewood Pinnacle Dental Care,Independent / Unknown,"148 Main St, Lakewood, CO",(555) 446-1414,https://www.lakewoodpinnacledentalcare.com,CO,State Directory Hub,2026-08-27 14:23:42
283,Lakewood Precision Dental Arts,Independent / Unknown,"148 Main St, Lakewood, CO",(555) 446-1421,https://www.lakewoodprecisiondentalarts.com,CO,State Directory Hub,2026-08-27 14:26:52
267,Lakewood Premier Dental Center,Independent / Unknown,"148 Main St, Lakewood, CO",(555) 446-1404,https://www.lakewoodpremierdentalcenter.com,CO,State Directory Hub,2026-08-27 14:19:37
282,Lakewood Radiant Smiles Practice,Independent / Unknown,"148 Main St, Lakewood, CO",(555) 446-1420,https://www.lakewoodradiantsmilespractice.com,CO,State Directory Hub,2026-08-27 14:26:25
264,Lakewood Smiles Dentistry,Independent / Unknown,"148 Main St, Lakewood, CO",(555) 446-1401,https://www.lakewoodsmilesdentistry.com,CO,State Directory Hub,2026-08-27 14:18:16
272,Lakewood Summit Dental Group,Independent / Unknown,"148 Main St, Lakewood, CO",(555) 446-1410,https://www.lakewoodsummitdentalgroup.com,CO,State Directory Hub,2026-08-27 14:21:53
270,Lakewood Sunlight Dental Studio,Independent / Unknown,"148 Main St, Lakewood, CO",(555) 446-1407,https://www.lakewoodsunlightdentalstudio.com,CO,State Directory Hub,2026-08-27 14:20:59
288,Lakewood True North Dental,Independent / Unknown,"148 Main St, Lakewood, CO",(555) 446-1426,https://www.lakewoodtruenorthdental.com,CO,State Directory Hub,2026-08-27 14:29:08
275,Lakewood Valley Smiles,Independent / Unknown,"148 Main St, Lakewood, CO",(555) 446-1413,https://www.lakewoodvalleysmiles.com,CO,State Directory Hub,2026-08-27 14:23:15
439,Longmont Advanced Dental Arts,Independent / Unknown,"220 Main St, Longmont, CO",(555) 446-2002,https://www.longmontadvanceddentalarts.com,CO,State Directory Hub,2026-08-27 15:36:47
465,Longmont Avenue Dental Studio,Independent / Unknown,"220 Main St, Longmont, CO",(555) 446-2029,https://www.longmontavenuedentalstudio.com,CO,State Directory Hub,2026-08-27 15:48:33
463,Longmont Centennial Dental Group,Independent / Unknown,"220 Main St, Longmont, CO",(555) 446-2027,https://www.longmontcentennialdentalgroup.com,CO,State Directory Hub,2026-08-27 15:47:39
454,Longmont Clearwater Dental Care,Independent / Unknown,"220 Main St, Longmont, CO",(555) 446-2018,https://www.longmontclearwaterdentalcare.com,CO,State Directory Hub,2026-08-27 15:43:34
460,Longmont Comfort Care Dentistry,Independent / Unknown,"220 Main St, Longmont, CO",(555) 446-2024,https://www.longmontcomfortcaredentistry.com,CO,State Directory Hub,2026-08-27 15:46:17
442,Longmont Cornerstone Dental,Independent / Unknown,"220 Main St, Longmont, CO",(555) 446-2005,https://www.longmontcornerstonedental.com,CO,State Directory Hub,2026-08-27 15:38:09
459,Longmont Crestview Dental Studio,Independent / Unknown,"220 Main St, Longmont, CO",(555) 446-2023,https://www.longmontcrestviewdentalstudio.com,CO,State Directory Hub,2026-08-27 15:45:50
461,Longmont Evergreen Dental Center,Independent / Unknown,"220 Main St, Longmont, CO",(555) 446-2025,https://www.longmontevergreendentalcenter.com,CO,State Directory Hub,2026-08-27 15:46:44
437,Longmont Family Dental Care,Independent / Unknown,"220 Main St, Longmont, CO",(555) 446-2000,https://www.longmontfamilydentalcare.com,CO,State Directory Hub,2026-08-27 15:35:53
440,Longmont Gentle Touch Dentistry,Independent / Unknown,"220 Main St, Longmont, CO",(555) 446-2003,https://www.longmontgentletouchdentistry.com,CO,State Directory Hub,2026-08-27 15:37:14
464,Longmont Golden Rule Dentistry,Independent / Unknown,"220 Main St, Longmont, CO",(555) 446-2028,https://www.longmontgoldenruledentistry.com,CO,State Directory Hub,2026-08-27 15:48:06
452,Longmont Grand Avenue Dental,Independent / Unknown,"220 Main St, Longmont, CO",(555) 446-2016,https://www.longmontgrandavenuedental.com,CO,State Directory Hub,2026-08-27 15:42:40
443,Longmont Heritage Dental Group,Independent / Unknown,"220 Main St, Longmont, CO",(555) 446-2006,https://www.longmontheritagedentalgroup.com,CO,State Directory Hub,2026-08-27 15:38:36
448,Longmont Highland Dental Center,Independent / Unknown,"220 Main St, Longmont, CO",(555) 446-2012,https://www.longmonthighlanddentalcenter.com,CO,State Directory Hub,2026-08-27 15:40:51
455,Longmont Horizon Dental Group,Independent / Unknown,"220 Main St, Longmont, CO",(555) 446-2019,https://www.longmonthorizondentalgroup.com,CO,State Directory Hub,2026-08-27 15:44:01
451,Longmont Integrity Dental Studio,Independent / Unknown,"220 Main St, Longmont, CO",(555) 446-2015,https://www.longmontintegritydentalstudio.com,CO,State Directory Hub,2026-08-27 15:42:13
458,Longmont Lakeside Dentistry,Independent / Unknown,"220 Main St, Longmont, CO",(555) 446-2022,https://www.longmontlakesidedentistry.com,CO,State Directory Hub,2026-08-27 15:45:23
447,Longmont Mountain View Dentistry,Independent / Unknown,"220 Main St, Longmont, CO",(555) 446-2011,https://www.longmontmountainviewdentistry.com,CO,State Directory Hub,2026-08-27 15:40:24
445,Longmont Oakwood Dental Practice,Independent / Unknown,"220 Main St, Longmont, CO",(555) 446-2008,https://www.longmontoakwooddentalpractice.com,CO,State Directory Hub,2026-08-27 15:39:30
453,Longmont Parkway Dental Associates,Independent / Unknown,"220 Main St, Longmont, CO",(555) 446-2017,https://www.longmontparkwaydentalassociates.com,CO,State Directory Hub,2026-08-27 15:43:07
450,Longmont Pinnacle Dental Care,Independent / Unknown,"220 Main St, Longmont, CO",(555) 446-2014,https://www.longmontpinnacledentalcare.com,CO,State Directory Hub,2026-08-27 15:41:46
457,Longmont Precision Dental Arts,Independent / Unknown,"220 Main St, Longmont, CO",(555) 446-2021,https://www.longmontprecisiondentalarts.com,CO,State Directory Hub,2026-08-27 15:44:56
441,Longmont Premier Dental Center,Independent / Unknown,"220 Main St, Longmont, CO",(555) 446-2004,https://www.longmontpremierdentalcenter.com,CO,State Directory Hub,2026-08-27 15:37:42
456,Longmont Radiant Smiles Practice,Independent / Unknown,"220 Main St, Longmont, CO",(555) 446-2020,https://www.longmontradiantsmilespractice.com,CO,State Directory Hub,2026-08-27 15:44:29
438,Longmont Smiles Dentistry,Independent / Unknown,"220 Main St, Longmont, CO",(555) 446-2001,https://www.longmontsmilesdentistry.com,CO,State Directory Hub,2026-08-27 15:36:20
446,Longmont Summit Dental Group,Independent / Unknown,"220 Main St, Longmont, CO",(555) 446-2010,https://www.longmontsummitdentalgroup.com,CO,State Directory Hub,2026-08-27 15:39:57
444,Longmont Sunlight Dental Studio,Independent / Unknown,"220 Main St, Longmont, CO",(555) 446-2007,https://www.longmontsunlightdentalstudio.com,CO,State Directory Hub,2026-08-27 15:39:03
462,Longmont True North Dental,Independent / Unknown,"220 Main St, Longmont, CO",(555) 446-2026,https://www.longmonttruenorthdental.com,CO,State Directory Hub,2026-08-27 15:47:11
449,Longmont Valley Smiles,Independent / Unknown,"220 Main St, Longmont, CO",(555) 446-2013,https://www.longmontvalleysmiles.com,CO,State Directory Hub,2026-08-27 15:41:19
468,Loveland Advanced Dental Arts,Independent / Unknown,"232 Main St, Loveland, CO",(555) 446-2102,https://www.lovelandadvanceddentalarts.com,CO,State Directory Hub,2026-08-27 15:49:54
494,Loveland Avenue Dental Studio,Independent / Unknown,"232 Main St, Loveland, CO",(555) 446-2129,https://www.lovelandavenuedentalstudio.com,CO,State Directory Hub,2026-08-27 16:01:41
492,Loveland Centennial Dental Group,Independent / Unknown,"232 Main St, Loveland, CO",(555) 446-2127,https://www.lovelandcentennialdentalgroup.com,CO,State Directory Hub,2026-08-27 16:00:47
483,Loveland Clearwater Dental Care,Independent / Unknown,"232 Main St, Loveland, CO",(555) 446-2118,https://www.lovelandclearwaterdentalcare.com,CO,State Directory Hub,2026-08-27 15:56:42
489,Loveland Comfort Care Dentistry,Independent / Unknown,"232 Main St, Loveland, CO",(555) 446-2124,https://www.lovelandcomfortcaredentistry.com,CO,State Directory Hub,2026-08-27 15:59:25
471,Loveland Cornerstone Dental,Independent / Unknown,"232 Main St, Loveland, CO",(555) 446-2105,https://www.lovelandcornerstonedental.com,CO,State Directory Hub,2026-08-27 15:51:16
488,Loveland Crestview Dental Studio,Independent / Unknown,"232 Main St, Loveland, CO",(555) 446-2123,https://www.lovelandcrestviewdentalstudio.com,CO,State Directory Hub,2026-08-27 15:58:58
490,Loveland Evergreen Dental Center,Independent / Unknown,"232 Main St, Loveland, CO",(555) 446-2125,https://www.lovelandevergreendentalcenter.com,CO,State Directory Hub,2026-08-27 15:59:52
466,Loveland Family Dental Care,Independent / Unknown,"232 Main St, Loveland, CO",(555) 446-2100,https://www.lovelandfamilydentalcare.com,CO,State Directory Hub,2026-08-27 15:49:00
469,Loveland Gentle Touch Dentistry,Independent / Unknown,"232 Main St, Loveland, CO",(555) 446-2103,https://www.lovelandgentletouchdentistry.com,CO,State Directory Hub,2026-08-27 15:50:21
493,Loveland Golden Rule Dentistry,Independent / Unknown,"232 Main St, Loveland, CO",(555) 446-2128,https://www.lovelandgoldenruledentistry.com,CO,State Directory Hub,2026-08-27 16:01:14
481,Loveland Grand Avenue Dental,Independent / Unknown,"232 Main St, Loveland, CO",(555) 446-2116,https://www.lovelandgrandavenuedental.com,CO,State Directory Hub,2026-08-27 15:55:47
472,Loveland Heritage Dental Group,Independent / Unknown,"232 Main St, Loveland, CO",(555) 446-2106,https://www.lovelandheritagedentalgroup.com,CO,State Directory Hub,2026-08-27 15:51:43
477,Loveland Highland Dental Center,Independent / Unknown,"232 Main St, Loveland, CO",(555) 446-2112,https://www.lovelandhighlanddentalcenter.com,CO,State Directory Hub,2026-08-27 15:53:59
484,Loveland Horizon Dental Group,Independent / Unknown,"232 Main St, Loveland, CO",(555) 446-2119,https://www.lovelandhorizondentalgroup.com,CO,State Directory Hub,2026-08-27 15:57:09
480,Loveland Integrity Dental Studio,Independent / Unknown,"232 Main St, Loveland, CO",(555) 446-2115,https://www.lovelandintegritydentalstudio.com,CO,State Directory Hub,2026-08-27 15:55:20
487,Loveland Lakeside Dentistry,Independent / Unknown,"232 Main St, Loveland, CO",(555) 446-2122,https://www.lovelandlakesidedentistry.com,CO,State Directory Hub,2026-08-27 15:58:31
476,Loveland Mountain View Dentistry,Independent / Unknown,"232 Main St, Loveland, CO",(555) 446-2111,https://www.lovelandmountainviewdentistry.com,CO,State Directory Hub,2026-08-27 15:53:31
474,Loveland Oakwood Dental Practice,Independent / Unknown,"232 Main St, Loveland, CO",(555) 446-2108,https://www.lovelandoakwooddentalpractice.com,CO,State Directory Hub,2026-08-27 15:52:37
482,Loveland Parkway Dental Associates,Independent / Unknown,"232 Main St, Loveland, CO",(555) 446-2117,https://www.lovelandparkwaydentalassociates.com,CO,State Directory Hub,2026-08-27 15:56:14
479,Loveland Pinnacle Dental Care,Independent / Unknown,"232 Main St, Loveland, CO",(555) 446-2114,https://www.lovelandpinnacledentalcare.com,CO,State Directory Hub,2026-08-27 15:54:53
486,Loveland Precision Dental Arts,Independent / Unknown,"232 Main St, Loveland, CO",(555) 446-2121,https://www.lovelandprecisiondentalarts.com,CO,State Directory Hub,2026-08-27 15:58:04
470,Loveland Premier Dental Center,Independent / Unknown,"232 Main St, Loveland, CO",(555) 446-2104,https://www.lovelandpremierdentalcenter.com,CO,State Directory Hub,2026-08-27 15:50:49
485,Loveland Radiant Smiles Practice,Independent / Unknown,"232 Main St, Loveland, CO",(555) 446-2120,https://www.lovelandradiantsmilespractice.com,CO,State Directory Hub,2026-08-27 15:57:36
467,Loveland Smiles Dentistry,Independent / Unknown,"232 Main St, Loveland, CO",(555) 446-2101,https://www.lovelandsmilesdentistry.com,CO,State Directory Hub,2026-08-27 15:49:27
475,Loveland Summit Dental Group,Independent / Unknown,"232 Main St, Loveland, CO",(555) 446-2110,https://www.lovelandsummitdentalgroup.com,CO,State Directory Hub,2026-08-27 15:53:04
473,Loveland Sunlight Dental Studio,Independent / Unknown,"232 Main St, Loveland, CO",(555) 446-2107,https://www.lovelandsunlightdentalstudio.com,CO,State Directory Hub,2026-08-27 15:52:10
491,Loveland True North Dental,Independent / Unknown,"232 Main St, Loveland, CO",(555) 446-2126,https://www.lovelandtruenorthdental.com,CO,State Directory Hub,2026-08-27 16:00:19
478,Loveland Valley Smiles,Independent / Unknown,"232 Main St, Loveland, CO",(555) 446-2113,https://www.lovelandvalleysmiles.com,CO,State Directory Hub,2026-08-27 15:54:26
352,Pueblo Advanced Dental Arts,Independent / Unknown,"184 Main St, Pueblo, CO",(555) 446-1702,https://www.puebloadvanceddentalarts.com,CO,State Directory Hub,2026-08-27 14:57:40
378,Pueblo Avenue Dental Studio,Independent / Unknown,"184 Main St, Pueblo, CO",(555) 446-1729,https://www.puebloavenuedentalstudio.com,CO,State Directory Hub,2026-08-27 15:09:26
376,Pueblo Centennial Dental Group,Independent / Unknown,"184 Main St, Pueblo, CO",(555) 446-1727,https://www.pueblocentennialdentalgroup.com,CO,State Directory Hub,2026-08-27 15:08:32
367,Pueblo Clearwater Dental Care,Independent / Unknown,"184 Main St, Pueblo, CO",(555) 446-1718,https://www.puebloclearwaterdentalcare.com,CO,State Directory Hub,2026-08-27 15:04:27
373,Pueblo Comfort Care Dentistry,Independent / Unknown,"184 Main St, Pueblo, CO",(555) 446-1724,https://www.pueblocomfortcaredentistry.com,CO,State Directory Hub,2026-08-27 15:07:10
355,Pueblo Cornerstone Dental,Independent / Unknown,"184 Main St, Pueblo, CO",(555) 446-1705,https://www.pueblocornerstonedental.com,CO,State Directory Hub,2026-08-27 14:59:01
372,Pueblo Crestview Dental Studio,Independent / Unknown,"184 Main St, Pueblo, CO",(555) 446-1723,https://www.pueblocrestviewdentalstudio.com,CO,State Directory Hub,2026-08-27 15:06:43
374,Pueblo Evergreen Dental Center,Independent / Unknown,"184 Main St, Pueblo, CO",(555) 446-1725,https://www.puebloevergreendentalcenter.com,CO,State Directory Hub,2026-08-27 15:07:37
350,Pueblo Family Dental Care,Independent / Unknown,"184 Main St, Pueblo, CO",(555) 446-1700,https://www.pueblofamilydentalcare.com,CO,State Directory Hub,2026-08-27 14:56:45
353,Pueblo Gentle Touch Dentistry,Independent / Unknown,"184 Main St, Pueblo, CO",(555) 446-1703,https://www.pueblogentletouchdentistry.com,CO,State Directory Hub,2026-08-27 14:58:07
377,Pueblo Golden Rule Dentistry,Independent / Unknown,"184 Main St, Pueblo, CO",(555) 446-1728,https://www.pueblogoldenruledentistry.com,CO,State Directory Hub,2026-08-27 15:08:59
365,Pueblo Grand Avenue Dental,Independent / Unknown,"184 Main St, Pueblo, CO",(555) 446-1716,https://www.pueblograndavenuedental.com,CO,State Directory Hub,2026-08-27 15:03:33
356,Pueblo Heritage Dental Group,Independent / Unknown,"184 Main St, Pueblo, CO",(555) 446-1706,https://www.puebloheritagedentalgroup.com,CO,State Directory Hub,2026-08-27 14:59:28
361,Pueblo Highland Dental Center,Independent / Unknown,"184 Main St, Pueblo, CO",(555) 446-1712,https://www.pueblohighlanddentalcenter.com,CO,State Directory Hub,2026-08-27 15:01:44
368,Pueblo Horizon Dental Group,Independent / Unknown,"184 Main St, Pueblo, CO",(555) 446-1719,https://www.pueblohorizondentalgroup.com,CO,State Directory Hub,2026-08-27 15:04:54
364,Pueblo Integrity Dental Studio,Independent / Unknown,"184 Main St, Pueblo, CO",(555) 446-1715,https://www.pueblointegritydentalstudio.com,CO,State Directory Hub,2026-08-27 15:03:06
371,Pueblo Lakeside Dentistry,Independent / Unknown,"184 Main St, Pueblo, CO",(555) 446-1722,https://www.pueblolakesidedentistry.com,CO,State Directory Hub,2026-08-27 15:06:16
360,Pueblo Mountain View Dentistry,Independent / Unknown,"184 Main St, Pueblo, CO",(555) 446-1711,https://www.pueblomountainviewdentistry.com,CO,State Directory Hub,2026-08-27 15:01:17
358,Pueblo Oakwood Dental Practice,Independent / Unknown,"184 Main St, Pueblo, CO",(555) 446-1708,https://www.pueblooakwooddentalpractice.com,CO,State Directory Hub,2026-08-27 15:00:23
366,Pueblo Parkway Dental Associates,Independent / Unknown,"184 Main St, Pueblo, CO",(555) 446-1717,https://www.puebloparkwaydentalassociates.com,CO,State Directory Hub,2026-08-27 15:04:00
363,Pueblo Pinnacle Dental Care,Independent / Unknown,"184 Main St, Pueblo, CO",(555) 446-1714,https://www.pueblopinnacledentalcare.com,CO,State Directory Hub,2026-08-27 15:02:38
370,Pueblo Precision Dental Arts,Independent / Unknown,"184 Main St, Pueblo, CO",(555) 446-1721,https://www.puebloprecisiondentalarts.com,CO,State Directory Hub,2026-08-27 15:05:49
354,Pueblo Premier Dental Center,Independent / Unknown,"184 Main St, Pueblo, CO",(555) 446-1704,https://www.pueblopremierdentalcenter.com,CO,State Directory Hub,2026-08-27 14:58:34
369,Pueblo Radiant Smiles Practice,Independent / Unknown,"184 Main St, Pueblo, CO",(555) 446-1720,https://www.puebloradiantsmilespractice.com,CO,State Directory Hub,2026-08-27 15:05:21
351,Pueblo Smiles Dentistry,Independent / Unknown,"184 Main St, Pueblo, CO",(555) 446-1701,https://www.pueblosmilesdentistry.com,CO,State Directory Hub,2026-08-27 14:57:13
359,Pueblo Summit Dental Group,Independent / Unknown,"184 Main St, Pueblo, CO",(555) 446-1710,https://www.pueblosummitdentalgroup.com,CO,State Directory Hub,2026-08-27 15:00:50
357,Pueblo Sunlight Dental Studio,Independent / Unknown,"184 Main St, Pueblo, CO",(555) 446-1707,https://www.pueblosunlightdentalstudio.com,CO,State Directory Hub,2026-08-27 14:59:55
375,Pueblo True North Dental,Independent / Unknown,"184 Main St, Pueblo, CO",(555) 446-1726,https://www.pueblotruenorthdental.com,CO,State Directory Hub,2026-08-27 15:08:04
362,Pueblo Valley Smiles,Independent / Unknown,"184 Main St, Pueblo, CO",(555) 446-1713,https://www.pueblovalleysmiles.com,CO,State Directory Hub,2026-08-27 15:02:11
294,Thornton Advanced Dental Arts,Independent / Unknown,"160 Main St, Thornton, CO",(555) 446-1502,https://www.thorntonadvanceddentalarts.com,CO,State Directory Hub,2026-08-27 14:31:51
320,Thornton Avenue Dental Studio,Independent / Unknown,"160 Main St, Thornton, CO",(555) 446-1529,https://www.thorntonavenuedentalstudio.com,CO,State Directory Hub,2026-08-27 14:43:37
318,Thornton Centennial Dental Group,Independent / Unknown,"160 Main St, Thornton, CO",(555) 446-1527,https://www.thorntoncentennialdentalgroup.com,CO,State Directory Hub,2026-08-27 14:42:43
309,Thornton Clearwater Dental Care,Independent / Unknown,"160 Main St, Thornton, CO",(555) 446-1518,https://www.thorntonclearwaterdentalcare.com,CO,State Directory Hub,2026-08-27 14:38:38
315,Thornton Comfort Care Dentistry,Independent / Unknown,"160 Main St, Thornton, CO",(555) 446-1524,https://www.thorntoncomfortcaredentistry.com,CO,State Directory Hub,2026-08-27 14:41:21
297,Thornton Cornerstone Dental,Independent / Unknown,"160 Main St, Thornton, CO",(555) 446-1505,https://www.thorntoncornerstonedental.com,CO,State Directory Hub,2026-08-27 14:33:12
314,Thornton Crestview Dental Studio,Independent / Unknown,"160 Main St, Thornton, CO",(555) 446-1523,https://www.thorntoncrestviewdentalstudio.com,CO,State Directory Hub,2026-08-27 14:40:54
316,Thornton Evergreen Dental Center,Independent / Unknown,"160 Main St, Thornton, CO",(555) 446-1525,https://www.thorntonevergreendentalcenter.com,CO,State Directory Hub,2026-08-27 14:41:48
292,Thornton Family Dental Care,Independent / Unknown,"160 Main St, Thornton, CO",(555) 446-1500,https://www.thorntonfamilydentalcare.com,CO,State Directory Hub,2026-08-27 14:30:56
295,Thornton Gentle Touch Dentistry,Independent / Unknown,"160 Main St, Thornton, CO",(555) 446-1503,https://www.thorntongentletouchdentistry.com,CO,State Directory Hub,2026-08-27 14:32:18
319,Thornton Golden Rule Dentistry,Independent / Unknown,"160 Main St, Thornton, CO",(555) 446-1528,https://www.thorntongoldenruledentistry.com,CO,State Directory Hub,2026-08-27 14:43:10
307,Thornton Grand Avenue Dental,Independent / Unknown,"160 Main St, Thornton, CO",(555) 446-1516,https://www.thorntongrandavenuedental.com,CO,State Directory Hub,2026-08-27 14:37:44
298,Thornton Heritage Dental Group,Independent / Unknown,"160 Main St, Thornton, CO",(555) 446-1506,https://www.thorntonheritagedentalgroup.com,CO,State Directory Hub,2026-08-27 14:33:39
303,Thornton Highland Dental Center,Independent / Unknown,"160 Main St, Thornton, CO",(555) 446-1512,https://www.thorntonhighlanddentalcenter.com,CO,State Directory Hub,2026-08-27 14:35:55
310,Thornton Horizon Dental Group,Independent / Unknown,"160 Main St, Thornton, CO",(555) 446-1519,https://www.thorntonhorizondentalgroup.com,CO,State Directory Hub,2026-08-27 14:39:05
306,Thornton Integrity Dental Studio,Independent / Unknown,"160 Main St, Thornton, CO",(555) 446-1515,https://www.thorntonintegritydentalstudio.com,CO,State Directory Hub,2026-08-27 14:37:17
313,Thornton Lakeside Dentistry,Independent / Unknown,"160 Main St, Thornton, CO",(555) 446-1522,https://www.thorntonlakesidedentistry.com,CO,State Directory Hub,2026-08-27 14:40:27
302,Thornton Mountain View Dentistry,Independent / Unknown,"160 Main St, Thornton, CO",(555) 446-1511,https://www.thorntonmountainviewdentistry.com,CO,State Directory Hub,2026-08-27 14:35:28
300,Thornton Oakwood Dental Practice,Independent / Unknown,"160 Main St, Thornton, CO",(555) 446-1508,https://www.thorntonoakwooddentalpractice.com,CO,State Directory Hub,2026-08-27 14:34:34
308,Thornton Parkway Dental Associates,Independent / Unknown,"160 Main St, Thornton, CO",(555) 446-1517,https://www.thorntonparkwaydentalassociates.com,CO,State Directory Hub,2026-08-27 14:38:11
305,Thornton Pinnacle Dental Care,Independent / Unknown,"160 Main St, Thornton, CO",(555) 446-1514,https://www.thorntonpinnacledentalcare.com,CO,State Directory Hub,2026-08-27 14:36:50
312,Thornton Precision Dental Arts,Independent / Unknown,"160 Main St, Thornton, CO",(555) 446-1521,https://www.thorntonprecisiondentalarts.com,CO,State Directory Hub,2026-08-27 14:40:00
296,Thornton Premier Dental Center,Independent / Unknown,"160 Main St, Thornton, CO",(555) 446-1504,https://www.thorntonpremierdentalcenter.com,CO,State Directory Hub,2026-08-27 14:32:45
311,Thornton Radiant Smiles Practice,Independent / Unknown,"160 Main St, Thornton, CO",(555) 446-1520,https://www.thorntonradiantsmilespractice.com,CO,State Directory Hub,2026-08-27 14:39:32
293,Thornton Smiles Dentistry,Independent / Unknown,"160 Main St, Thornton, CO",(555) 446-1501,https://www.thorntonsmilesdentistry.com,CO,State Directory Hub,2026-08-27 14:31:24
301,Thornton Summit Dental Group,Independent / Unknown,"160 Main St, Thornton, CO",(555) 446-1510,https://www.thorntonsummitdentalgroup.com,CO,State Directory Hub,2026-08-27 14:35:01
299,Thornton Sunlight Dental Studio,Independent / Unknown,"160 Main St, Thornton, CO",(555) 446-1507,https://www.thorntonsunlightdentalstudio.com,CO,State Directory Hub,2026-08-27 14:34:07
317,Thornton True North Dental,Independent / Unknown,"160 Main St, Thornton, CO",(555) 446-1526,https://www.thorntontruenorthdental.com,CO,State Directory Hub,2026-08-27 14:42:15
304,Thornton Valley Smiles,Independent / Unknown,"160 Main St, Thornton, CO",(555) 446-1513,https://www.thorntonvalleysmiles.com,CO,State Directory Hub,2026-08-27 14:36:22
